{"name":"12a6aea2-e899-437d-a455-c8e724f67ac1","id":"/providers/Microsoft.Flow/flows/12a6aea2-e899-437d-a455-c8e724f67ac1","type":"Microsoft.Flow/flows","properties":{"apiId":"/providers/Microsoft.PowerApps/apis/shared_logicflows","displayName":"AssignedTask","definition":{"metadata":{"workflowEntityId":null,"processAdvisorMetadata":null,"flowclientsuspensionreason":"None","flowclientsuspensiontime":null,"creator":{"id":"b8e6b35d-1900-45b0-b584-42c7b5a0ab08","type":"User","tenantId":"8c3dad1d-b6bc-4f8b-939b-8263372eced6"},"provisioningMethod":"FromDefinition","failureAlertSubscription":true,"clientLastModifiedTime":"2022-02-15T06:30:18.3396669Z"},"$schema":"https://schema.management.azure.com/providers/Microsoft.Logic/schemas/2016-06-01/workflowdefinition.json#","contentVersion":"1.0.0.0","parameters":{"$connections":{"defaultValue":{},"type":"Object"},"$authentication":{"defaultValue":{},"type":"SecureObject"}},"triggers":{"When_an_item_is_created_or_modified":{"recurrence":{"frequency":"Minute","interval":5},"splitOn":"@triggerOutputs()?['body/value']","metadata":{"operationMetadataId":"7499e691-3db5-437a-a0da-6507ab291b35"},"type":"OpenApiConnection","inputs":{"host":{"apiId":"/providers/Microsoft.PowerApps/apis/shared_sharepointonline","connectionName":"shared_sharepointonline","operationId":"GetOnUpdatedItems"},"parameters":{"dataset":"https://nitoronline.sharepoint.com/sites/AccelareQA/AshishMore","table":"2079250f-784b-4b00-9ee7-c33594dea7c3"},"authentication":"@parameters('$authentication')"}}},"actions":{"Switch":{"runAfter":{"Get_item":["Succeeded"]},"cases":{"Case":{"case":"New","actions":{"Send_an_email_(V2)_2":{"runAfter":{},"type":"OpenApiConnection","inputs":{"host":{"apiId":"/providers/Microsoft.PowerApps/apis/shared_office365","connectionName":"shared_office365","operationId":"SendEmailV2"},"parameters":{"emailMessage/To":"@outputs('Get_item')?['body/EmployeeEmail']","emailMessage/Subject":"Your New Ticket Created Succefully..","emailMessage/Body":"<p>Hello &nbsp;@{outputs('Get_item')?['body/EmployeeName']},<br>\nTicket Details :<br>\n&nbsp;&nbsp;&nbsp;&nbsp;&nbsp;&nbsp;&nbsp;&nbsp;&nbsp;&nbsp;&nbsp;&nbsp;&nbsp;&nbsp;&nbsp;&nbsp;&nbsp;&nbsp;&nbsp;&nbsp;&nbsp;&nbsp;&nbsp;&nbsp;&nbsp;&nbsp;&nbsp;Ticket: &nbsp;@{triggerOutputs()?['body/Title']}<br>\n&nbsp;&nbsp;&nbsp;&nbsp;&nbsp;&nbsp;&nbsp;&nbsp;&nbsp;&nbsp;&nbsp;&nbsp;&nbsp;&nbsp;&nbsp;&nbsp;&nbsp;&nbsp;&nbsp;&nbsp;&nbsp;&nbsp;&nbsp;&nbsp;&nbsp;&nbsp;&nbsp;Ticket Date: @{triggerOutputs()?['body/TicketCreationDate']}<br>\n&nbsp;&nbsp;&nbsp;&nbsp;&nbsp;&nbsp;&nbsp;&nbsp;&nbsp;&nbsp;&nbsp;&nbsp;&nbsp;&nbsp;&nbsp;&nbsp;&nbsp;&nbsp;&nbsp;&nbsp;&nbsp;&nbsp;&nbsp;&nbsp;&nbsp;&nbsp;&nbsp;&nbsp;Dead Line : @{triggerOutputs()?['body/DeadLineofTicket']}<br>\n<br>\nNew Ticket Created Succefully..<br>\n<br>\n<br>\nRegards,<br>\n@{triggerOutputs()?['body/Author/DisplayName']},<br>\n</p>"},"authentication":"@parameters('$authentication')"}}}},"Case_2":{"case":"Closed","actions":{"Send_an_email_(V2)_3":{"runAfter":{},"type":"OpenApiConnection","inputs":{"host":{"apiId":"/providers/Microsoft.PowerApps/apis/shared_office365","connectionName":"shared_office365","operationId":"SendEmailV2"},"parameters":{"emailMessage/To":"@triggerOutputs()?['body/AssignedTo/Email']","emailMessage/Subject":"Your Ticket is Closed..","emailMessage/Body":"<p>Hello &nbsp;@{triggerOutputs()?['body/AssignedTo/DisplayName']},<br>\nTicket Details :<br>\n&nbsp;&nbsp;&nbsp;&nbsp;&nbsp;&nbsp;&nbsp;&nbsp;&nbsp;&nbsp;&nbsp;&nbsp;&nbsp;&nbsp;&nbsp;&nbsp;&nbsp;&nbsp;&nbsp;&nbsp;&nbsp;&nbsp;&nbsp;&nbsp;&nbsp;&nbsp;&nbsp;Ticket: &nbsp;@{triggerOutputs()?['body/Title']}<br>\n&nbsp;&nbsp;&nbsp;&nbsp;&nbsp;&nbsp;&nbsp;&nbsp;&nbsp;&nbsp;&nbsp;&nbsp;&nbsp;&nbsp;&nbsp;&nbsp;&nbsp;&nbsp;&nbsp;&nbsp;&nbsp;&nbsp;&nbsp;&nbsp;&nbsp;&nbsp;&nbsp;Ticket Date: @{triggerOutputs()?['body/TicketCreationDate']}<br>\n&nbsp;&nbsp;&nbsp;&nbsp;&nbsp;&nbsp;&nbsp;&nbsp;&nbsp;&nbsp;&nbsp;&nbsp;&nbsp;&nbsp;&nbsp;&nbsp;&nbsp;&nbsp;&nbsp;&nbsp;&nbsp;&nbsp;&nbsp;&nbsp;&nbsp;&nbsp;&nbsp;&nbsp;Dead Line : @{triggerOutputs()?['body/DeadLineofTicket']}<br>\n<br>\nYour Ticket is Closed..<br>\n<br>\n<br>\nRegards,<br>\n@{triggerOutputs()?['body/Author/DisplayName']},<br>\n</p>"},"authentication":"@parameters('$authentication')"}}}},"Case_3":{"case":"Cancelled","actions":{"Send_an_email_(V2)_4":{"runAfter":{},"type":"OpenApiConnection","inputs":{"host":{"apiId":"/providers/Microsoft.PowerApps/apis/shared_office365","connectionName":"shared_office365","operationId":"SendEmailV2"},"parameters":{"emailMessage/To":"@triggerOutputs()?['body/AssignedTo/Email']","emailMessage/Subject":"Your Ticket is Cancelled..","emailMessage/Body":"<p>Hello &nbsp;@{triggerOutputs()?['body/AssignedTo/DisplayName']},<br>\nTicket Details :<br>\n&nbsp;&nbsp;&nbsp;&nbsp;&nbsp;&nbsp;&nbsp;&nbsp;&nbsp;&nbsp;&nbsp;&nbsp;&nbsp;&nbsp;&nbsp;&nbsp;&nbsp;&nbsp;&nbsp;&nbsp;&nbsp;&nbsp;&nbsp;&nbsp;&nbsp;&nbsp;&nbsp;Ticket: &nbsp;@{triggerOutputs()?['body/Title']}<br>\n&nbsp;&nbsp;&nbsp;&nbsp;&nbsp;&nbsp;&nbsp;&nbsp;&nbsp;&nbsp;&nbsp;&nbsp;&nbsp;&nbsp;&nbsp;&nbsp;&nbsp;&nbsp;&nbsp;&nbsp;&nbsp;&nbsp;&nbsp;&nbsp;&nbsp;&nbsp;&nbsp;Ticket Date: @{triggerOutputs()?['body/TicketCreationDate']}<br>\n&nbsp;&nbsp;&nbsp;&nbsp;&nbsp;&nbsp;&nbsp;&nbsp;&nbsp;&nbsp;&nbsp;&nbsp;&nbsp;&nbsp;&nbsp;&nbsp;&nbsp;&nbsp;&nbsp;&nbsp;&nbsp;&nbsp;&nbsp;&nbsp;&nbsp;&nbsp;&nbsp;&nbsp;Dead Line : @{triggerOutputs()?['body/DeadLineofTicket']}<br>\n<br>\nYour Ticket is Cancelled..<br>\n<br>\n<br>\nRegards,<br>\n@{triggerOutputs()?['body/Author/DisplayName']},<br>\n</p>"},"authentication":"@parameters('$authentication')"}}}},"Case_4":{"case":"Assigned","actions":{"Send_an_email_(V2)":{"runAfter":{},"metadata":{"operationMetadataId":"14d90d06-12ea-482e-9425-d7042193e438"},"type":"OpenApiConnection","inputs":{"host":{"apiId":"/providers/Microsoft.PowerApps/apis/shared_office365","connectionName":"shared_office365","operationId":"SendEmailV2"},"parameters":{"emailMessage/To":"@{triggerOutputs()?['body/AssignedTo/Email']} ","emailMessage/Subject":"Ticket Assigned To You   @{triggerOutputs()?['body/Title']}","emailMessage/Body":"<p><strong>Hello &nbsp;</strong><strong>@{triggerOutputs()?['body/AssignedTo/DisplayName']}</strong><strong>,<br>\nTicket Details :<br>\n</strong>&nbsp;&nbsp;&nbsp;&nbsp;&nbsp;&nbsp;&nbsp;&nbsp;&nbsp;&nbsp;&nbsp;&nbsp;&nbsp;&nbsp;&nbsp;&nbsp;&nbsp;&nbsp;&nbsp;&nbsp;&nbsp;&nbsp;&nbsp;&nbsp;&nbsp;&nbsp;&nbsp;<strong>Ticket: &nbsp;</strong><strong>@{triggerOutputs()?['body/Title']}</strong><strong><br>\n&nbsp;&nbsp;&nbsp;&nbsp;&nbsp;&nbsp;&nbsp;&nbsp;&nbsp;&nbsp;&nbsp;&nbsp;&nbsp;&nbsp;&nbsp;&nbsp;&nbsp;&nbsp;&nbsp;&nbsp;&nbsp;&nbsp;&nbsp;&nbsp;&nbsp;&nbsp;&nbsp;Ticket Date: </strong><strong>@{triggerOutputs()?['body/TicketCreationDate']}</strong><strong><br>\n&nbsp;&nbsp;&nbsp;&nbsp;&nbsp;&nbsp;&nbsp;&nbsp;&nbsp;&nbsp;&nbsp;&nbsp;&nbsp;&nbsp;&nbsp;&nbsp;&nbsp;&nbsp;&nbsp;&nbsp;&nbsp;&nbsp;&nbsp;&nbsp;&nbsp;&nbsp;&nbsp;&nbsp;Dead Line : </strong><strong>@{triggerOutputs()?['body/DeadLineofTicket']}</strong><strong><br>\n</strong><br>\nThis ticket assign to you, please work on this and solve issue.<br>\n<br>\n<br>\nRegards,<br>\n@{triggerOutputs()?['body/Author/DisplayName']},<br>\n</p>","emailMessage/Cc":"@outputs('Get_item')?['body/EmployeeEmail']"},"authentication":"@parameters('$authentication')"}}}}},"default":{"actions":{}},"expression":"@outputs('Get_item')?['body/Status1/Value']","metadata":{"operationMetadataId":"ebce070f-90dc-4199-a7ef-87f94b0bd535"},"type":"Switch"},"Get_item":{"runAfter":{},"metadata":{"operationMetadataId":"05c30871-6091-4473-aee7-6ceee3ac9594"},"type":"OpenApiConnection","inputs":{"host":{"apiId":"/providers/Microsoft.PowerApps/apis/shared_sharepointonline","connectionName":"shared_sharepointonline","operationId":"GetItem"},"parameters":{"dataset":"https://nitoronline.sharepoint.com/sites/AccelareQA/AshishMore","table":"2079250f-784b-4b00-9ee7-c33594dea7c3","id":"@triggerOutputs()?['body/ID']"},"authentication":"@parameters('$authentication')"}}}},"connectionReferences":{"shared_office365":{"connectionName":"shared-office365-6cf36466-583e-4ae2-9318-a78e-8b8b2caa","source":"Embedded","id":"/providers/Microsoft.PowerApps/apis/shared_office365","tier":"NotSpecified"},"shared_sharepointonline":{"connectionName":"shared-sharepointonl-7a30ab89-19dd-455f-9f34-31e6-000889b9","source":"Embedded","id":"/providers/Microsoft.PowerApps/apis/shared_sharepointonline","tier":"NotSpecified"}},"flowFailureAlertSubscribed":false}}