{"schemaVersion":"1.0","appDefinitionTemplate":{"id":"/providers/Microsoft.PowerApps/apps/","type":"Microsoft.PowerApps/apps","tags":{"primaryDeviceWidth":"640","primaryDeviceHeight":"1136","sienaVersion":"20220215T044513Z-3.22021.20.0","deviceCapabilities":"","supportsPortrait":"true","supportsLandscape":"true","primaryFormFactor":"Phone","publisherVersion":"3.22021.20","minimumRequiredApiVersion":"2.2.0","hasComponent":"false","hasUnlockedComponent":"false","isUnifiedRootApp":"false"},"properties":{"appVersion":"2022-02-15T04:45:13Z","lifeCycleId":"Published","createdByClientVersion":{"major":3,"minor":22021,"build":20,"revision":0,"majorRevision":0,"minorRevision":0},"minClientVersion":{"major":3,"minor":22021,"build":20,"revision":0,"majorRevision":0,"minorRevision":0},"backgroundColor":"RGBA(0,176,240,1)","backgroundImageUri":"/1457214645679230793/Nd78d3677-180d-4e0c-b0a0-031e7f50d4c8-logoSmallFile","displayName":"Ticket Management Tool","description":"","commitMessage":"","appUris":{"documentUri":{"value":"/1457214645679230793/N771ee83a-380b-4e9e-9380-2336cdb3f1ec-document.msapp"},"imageUris":[]},"createdTime":"0001-01-01T00:00:00Z","lastModifiedTime":"0001-01-01T00:00:00Z","sharedGroupsCount":0,"sharedUsersCount":0,"icons":{"smallIconUri":"/1457214645679230793/N67451eee-853f-45e4-b738-99216dd30f73-small.png","mediumIconUri":"/1457214645679230793/Nfa96447c-c29c-42a6-9288-3b771d39a567-medium.png","largeIconUri":"/1457214645679230793/Nd528ac8e-6f31-44a2-81ae-832b3476d001-large.png","wideIconUri":"/1457214645679230793/N5610d368-e90b-4f4e-adf0-2d136ff34a58-wide.png"},"connectionReferences":{"903a1012-c1fc-43c0-8d3f-589a52645580":{"id":"10efb486-33c0-42ea-8494-a01c5126b360","displayName":"SharePoint","iconUri":"https://connectoricons-prod.azureedge.net/releases/v1.0.1550/1.0.1550.2686/sharepointonline/icon.png","dataSources":["TicketManagementTool","TicketMngmtAdmins"],"dependencies":[],"dependents":[],"parameterHints":{},"parameterHintsV2":{},"isOnPremiseConnection":false,"bypassConsent":false,"dataSets":{"https://nitoronline.sharepoint.com/sites/AccelareQA/AshishMore":{"dataSources":{"TicketManagementTool":{"tableName":"2079250f-784b-4b00-9ee7-c33594dea7c3"},"TicketMngmtAdmins":{"tableName":"c64c890d-94d2-4ba9-8429-0056bffa0f63"}}}},"apiTier":"Standard","isCustomApiConnection":false,"actions":["providers/PowerPlatform.Governance/Operations/Read"]}},"databaseReferences":{},"almMode":"Environment","performanceOptimizationEnabled":true,"canConsumeAppPass":true,"executionRestrictions":{"isTeamsOnly":false,"dataLossPreventionEvaluationResult":{"status":"Compliant","lastEvaluationDate":"2022-02-07T12:22:27.0587093Z","violations":[],"violationsByPolicy":[],"violationErrorMessage":"The app uses the following connectors: ."}}},"appType":"ClassicCanvasApp","appComponents":[]}}